SLA Compliance Rate,Average Resolution Hours
0.6083333333333333,29.416666666666668
